Team,ATRatio,Apg,BPpg,Bpg,EFG%,FbP,Fg%,Fg%D,Fpg,FTApg,FTp,FTMpg,RM,RDpg,ROpg,Rpg,SD,SO,SM,Spg,3PApg,3P%,3PD%,3Ppg,TOM,Tpg,TFpg
Massachusetts,2.46,21.5,28.5,3.8,0.546,12.5,48.23,39.565,19.0,21.5,58.14,12.5,4.0,25.25,15.25,40.5,72.5,89.5,17.0,10.0,24.8,36.36,35.9,9.0,7.2,8.8,16.0
Iowa,2.19,19.0,25.33,4.2,0.529,16.17,47.85,41.895,16.0,25.3,75.0,19.0,0.0,28.5,11.67,40.17,75.3,88.7,13.0,7.3,20.2,33.06,28.6,6.7,4.5,8.7,13.17
Iowa St.,1.8,16.5,23.5,3.0,0.545,12.83,49.86,35.379,16.3,26.0,67.95,17.7,9.0,25.33,12.5,37.83,53.0,82.5,29.0,12.7,16.7,33.0,33.8,5.5,9.8,9.2,19.0
Kentucky,2.45,20.0,27.17,4.8,0.597,19.33,50.61,40.633,12.8,18.2,73.39,13.3,1.0,29.17,9.33,38.5,72.2,94.3,22.0,10.2,29.0,42.53,32.9,12.3,6.8,8.2,15.0
Purdue Fort Wayne,1.54,14.7,24.0,3.0,0.562,19.5,48.75,41.908,17.5,18.0,72.22,13.0,-3.0,25.83,8.33,34.17,66.0,88.0,22.0,11.3,26.2,38.22,28.6,10.0,10.3,9.5,19.83
Colorado St.,2.06,21.3,21.0,2.5,0.613,15.67,53.87,40.909,17.2,17.0,78.43,13.3,0.0,27.67,5.17,32.83,66.2,84.7,18.0,7.0,22.2,39.1,28.6,8.7,3.3,10.3,13.67
Eastern Ky.,1.62,20.2,38.5,7.5,0.521,24.75,46.01,41.219,15.5,23.5,56.38,13.2,12.0,31.5,20.25,51.75,75.8,94.8,19.0,8.5,30.5,31.15,34.7,9.5,4.5,12.5,17.0
Virginia Tech,1.83,17.7,24.33,2.8,0.554,10.83,47.6,42.462,16.0,23.7,83.1,19.7,2.0,24.83,8.33,33.17,65.2,81.3,16.0,7.0,23.0,37.68,35.4,8.7,5.2,9.7,14.83
BYU,1.86,21.7,39.67,2.3,0.586,19.67,48.88,38.827,17.3,17.5,78.1,13.7,17.0,32.67,14.67,47.33,60.2,92.3,32.0,6.2,33.7,38.61,22.5,13.0,1.0,11.7,12.67
UTEP,1.39,19.7,34.17,3.3,0.566,21.5,51.76,41.399,21.0,29.8,66.48,19.8,5.0,26.0,12.33,38.33,69.5,89.5,20.0,12.7,18.2,33.03,28.8,6.0,5.5,14.2,19.67
Virginia,1.7,14.2,22.33,6.3,0.503,5.5,44.48,35.385,14.0,20.5,66.67,13.7,-4.0,24.33,8.17,32.5,53.8,65.3,11.0,9.5,16.8,35.64,29.0,6.0,6.3,8.3,14.67
Richmond,1.74,14.6,22.6,4.0,0.569,6.8,49.65,40.636,14.2,16.0,71.25,11.4,-3.0,24.8,6.8,31.6,64.0,77.0,13.0,8.4,21.6,38.89,31.5,8.4,5.0,8.4,13.4
Rice,1.31,14.8,24.0,3.2,0.496,4.5,43.17,50.278,15.7,20.5,73.17,15.0,-1.0,24.0,10.0,34.0,83.7,75.5,-8.0,5.7,23.3,33.57,37.8,7.8,-0.3,11.3,11.0
Southern Ill.,1.59,16.2,24.2,3.0,0.571,8.8,47.83,42.105,20.2,25.4,72.44,18.4,3.0,25.8,9.2,35.0,63.2,81.4,18.0,6.6,25.8,39.53,25.3,10.2,3.2,10.2,13.4
UC Riverside,1.55,14.2,24.67,1.3,0.433,8.5,36.13,47.13,17.8,14.2,67.06,9.5,0.0,22.83,13.33,36.17,73.5,64.7,-8.0,5.3,28.7,31.98,41.8,9.2,2.7,9.2,11.83
Kansas,1.69,24.2,20.67,3.8,0.608,14.67,54.6,35.176,14.0,18.5,67.57,12.5,8.0,33.67,7.5,41.17,65.0,83.0,18.0,6.5,19.2,37.39,26.7,7.2,-3.3,14.3,11.0
Ole Miss,1.68,16.8,15.2,5.6,0.5,11.0,44.59,40.484,14.0,18.6,69.89,13.0,0.0,24.8,11.2,36.0,67.0,72.2,5.0,8.4,19.0,33.68,34.5,6.4,2.2,10.0,12.2
Stanford,1.5,18.0,17.71,3.3,0.536,6.29,46.53,43.534,16.6,15.3,70.09,10.7,-3.0,27.57,8.43,36.0,77.7,79.1,1.0,6.3,25.6,35.2,37.0,9.0,0.0,12.0,12.0
Fla. Atlantic,1.52,15.2,22.0,3.0,0.561,15.4,48.03,43.729,18.0,20.6,70.87,14.6,1.0,24.8,11.0,35.8,71.0,82.8,11.0,7.6,26.0,37.69,34.3,9.8,3.0,10.0,13.0
McNeese,1.51,13.6,21.0,2.1,0.57,10.0,51.26,39.402,14.6,14.7,60.19,8.9,7.0,24.71,12.71,37.43,58.6,79.7,21.0,11.9,18.0,39.68,29.9,7.1,7.4,9.0,16.43
Purdue,1.28,16.7,20.67,5.0,0.561,9.67,48.99,37.565,13.7,24.3,69.18,16.8,9.0,30.33,10.33,40.67,63.0,81.7,18.0,6.3,20.0,40.83,22.9,8.2,-1.7,13.0,11.33
Saint Joseph's,1.57,18.2,23.6,3.4,0.514,12.0,43.03,38.0,17.4,15.2,69.74,10.6,4.0,29.4,11.8,41.2,66.0,78.4,12.0,6.6,32.4,33.95,32.1,11.0,2.0,11.6,13.6
Marquette,1.69,15.2,22.17,2.3,0.556,13.67,48.91,41.341,15.8,17.2,66.02,11.3,-3.0,24.67,8.83,33.5,67.5,79.5,12.0,9.3,24.7,33.11,34.1,8.2,6.3,9.0,15.33
Villanova,1.16,11.3,21.0,1.9,0.52,7.43,43.5,37.596,18.7,22.7,83.65,19.0,5.0,28.43,10.57,39.0,64.1,78.4,14.0,5.6,28.1,34.52,32.8,9.7,2.1,9.7,11.86
Indiana St.,1.58,18.7,19.33,1.8,0.638,13.33,53.96,46.631,18.5,23.8,69.93,16.7,-3.0,24.83,6.17,31.0,77.2,89.2,12.0,8.0,27.0,41.36,35.5,11.2,3.3,11.8,15.17
Vermont,1.72,15.5,23.5,3.3,0.613,10.0,51.75,39.823,13.3,14.3,67.44,9.7,6.0,28.33,8.33,36.67,59.3,79.5,20.0,6.2,27.7,39.16,30.6,10.8,1.5,9.0,10.5
Colorado,1.37,19.4,18.6,3.6,0.551,15.0,48.47,40.484,15.8,22.2,77.48,17.2,9.0,26.8,12.4,39.2,67.0,82.2,15.0,7.6,18.0,43.33,31.8,7.8,-0.6,14.2,13.6
Missouri St.,1.07,14.4,19.4,4.4,0.529,6.8,45.0,37.975,16.6,18.2,65.93,12.0,5.0,30.8,9.0,39.8,63.6,71.2,7.0,4.8,23.6,37.29,25.2,8.8,-3.6,13.4,9.8
A&M-Corpus Christi,1.19,16.5,40.0,2.0,0.494,15.17,44.64,41.139,23.0,20.5,60.16,12.3,8.0,27.33,15.17,42.5,69.5,78.3,8.0,10.5,21.0,30.16,31.3,6.3,3.2,13.8,17.0
Nevada,2.21,18.2,28.0,3.8,0.554,7.0,50.4,39.669,19.2,26.0,75.96,19.8,10.0,31.5,10.5,42.0,65.2,89.0,23.0,5.0,18.2,34.25,31.2,6.2,3.2,8.2,11.5
NC State,1.7,15.0,20.4,2.8,0.523,19.8,46.3,43.431,19.2,19.4,76.29,14.8,0.0,25.2,10.6,35.8,69.8,82.6,12.0,9.4,22.2,35.14,33.3,7.8,7.8,8.8,16.6
Central Conn. St.,1.37,15.6,24.8,5.0,0.49,10.6,44.48,47.018,15.2,17.2,69.77,12.0,-1.0,24.4,9.4,33.8,70.6,72.4,1.0,7.8,20.8,26.92,34.0,5.6,4.0,11.4,15.4
La Salle,1.69,14.2,11.8,3.0,0.51,10.4,44.76,46.441,16.8,18.8,72.34,13.6,-6.0,23.4,8.0,31.4,73.0,72.0,-1.0,5.4,21.4,33.64,35.6,7.2,3.2,8.4,11.6
Clemson,1.94,19.0,22.8,5.4,0.557,6.2,47.54,42.029,16.4,16.2,71.6,11.6,4.0,26.0,9.6,35.6,66.8,79.6,12.0,4.4,25.2,39.68,34.3,10.0,1.6,9.8,11.4
Louisiana Tech,1.44,15.8,27.6,3.8,0.531,10.4,45.99,38.989,17.2,22.4,70.54,15.8,5.0,27.6,11.0,38.6,60.4,76.8,16.0,9.0,24.0,34.17,27.5,8.2,1.6,11.0,12.6
Texas A&M,1.49,12.7,21.67,3.5,0.494,5.17,44.44,42.398,15.5,22.0,75.76,16.7,14.0,25.17,18.5,43.67,69.5,80.3,10.0,5.7,21.5,29.46,34.7,6.3,1.3,8.5,9.83
UConn,1.9,19.7,19.5,6.0,0.596,12.0,52.5,38.617,15.0,23.7,76.06,18.0,15.0,28.83,13.33,42.17,60.0,89.5,29.0,7.2,25.0,34.0,30.2,8.5,2.5,10.3,12.83
Creighton,1.75,17.5,20.5,4.2,0.597,9.67,49.59,41.451,8.5,15.7,72.34,11.3,11.0,31.0,10.17,41.17,63.7,84.0,20.0,3.2,31.8,38.74,33.3,12.3,-2.3,10.0,7.67
Lipscomb,1.48,17.0,30.0,4.3,0.597,12.33,51.06,42.317,14.8,17.2,76.7,13.2,-4.0,26.17,8.0,34.17,76.0,88.3,12.0,7.2,27.3,39.63,29.7,10.8,2.3,11.5,13.83
Lamar University,1.25,18.8,30.2,4.6,0.503,19.6,43.75,38.206,22.6,23.8,77.31,18.4,9.0,30.6,14.6,45.2,73.6,86.0,12.0,8.2,22.8,38.6,27.3,8.8,0.0,15.0,15.0
Sacramento St.,1.05,16.2,24.33,1.7,0.512,9.67,42.25,47.696,16.5,18.2,73.39,13.3,10.0,26.33,14.67,41.0,79.2,77.2,-2.0,4.2,33.5,33.33,36.4,11.2,-6.3,15.3,9.0
Utah St.,1.55,19.2,21.83,5.0,0.567,13.17,51.96,38.462,18.0,20.3,66.39,13.5,8.0,29.83,10.17,40.0,62.5,81.2,18.0,7.2,17.3,32.69,22.2,5.7,0.8,12.3,13.17
Tennessee,1.38,13.8,23.83,4.7,0.475,9.83,40.71,38.053,19.2,20.2,77.69,15.7,1.0,27.83,10.17,38.0,61.5,73.7,12.0,7.8,25.2,33.11,26.7,8.3,4.2,10.0,14.17
Gonzaga,1.18,15.4,23.4,3.0,0.541,16.2,49.1,37.061,17.8,18.2,63.74,11.6,13.0,30.2,15.2,45.4,64.6,83.4,18.0,7.8,21.8,30.28,23.9,6.6,-1.0,13.0,12.0
Cincinnati,2.02,17.4,36.8,2.8,0.55,13.0,46.97,40.418,13.2,19.2,65.62,12.6,10.0,28.8,12.4,41.2,62.4,85.2,22.0,7.0,28.4,37.32,25.3,10.6,4.8,8.6,13.4
Pittsburgh,1.75,17.5,23.0,6.2,0.535,11.33,45.59,37.047,16.7,26.0,66.67,17.3,17.0,32.33,16.17,48.5,63.2,88.2,25.0,6.7,30.7,34.24,23.8,10.5,1.5,10.0,11.5
Montana St.,1.44,12.4,21.6,3.0,0.512,7.4,44.15,43.774,17.6,13.2,75.76,10.0,-10.0,22.0,6.6,28.6,63.2,71.2,8.0,10.2,27.2,30.88,28.4,8.4,9.2,8.6,17.8
Toledo,1.2,15.0,27.0,2.2,0.542,13.17,49.32,51.754,16.7,20.7,74.19,15.3,-1.0,20.5,10.67,31.17,76.7,81.3,4.0,8.2,14.8,40.45,33.3,6.0,4.5,12.5,17.0
Houston,1.72,14.0,26.0,4.3,0.512,11.57,44.6,35.258,17.1,22.0,63.64,14.0,10.0,26.29,15.14,41.43,49.0,76.3,27.0,11.0,23.1,34.57,27.9,8.0,8.6,8.1,16.71
UNLV,1.1,11.0,23.6,3.2,0.53,7.4,47.04,50.172,14.2,16.8,71.43,12.0,-2.0,21.0,9.8,30.8,74.6,72.8,-1.0,6.4,22.0,30.91,40.2,6.8,2.2,10.0,12.2
Liberty,1.66,16.6,30.8,1.8,0.604,5.8,50.67,40.426,14.6,16.4,68.29,11.2,7.0,28.2,9.6,37.8,60.6,83.2,22.0,5.8,28.2,41.13,25.5,11.6,1.8,10.0,11.8
New Hampshire,1.33,14.8,23.5,2.5,0.519,15.33,44.3,39.096,16.3,18.3,75.45,13.8,1.0,30.0,10.33,40.33,69.2,82.2,13.0,8.7,28.8,34.68,22.8,10.0,1.8,11.2,13.0
New Orleans,1.36,15.2,34.25,3.0,0.485,20.5,44.28,43.969,19.5,26.2,77.14,20.2,-5.0,25.5,12.0,37.5,77.0,86.0,9.0,9.8,20.0,28.75,28.9,5.8,7.2,11.2,18.5
Michigan,1.18,14.9,17.29,3.9,0.571,9.57,49.77,43.311,16.3,18.0,65.08,11.7,4.0,26.29,11.71,38.0,75.0,81.9,6.0,5.0,24.0,37.5,37.2,9.0,-0.1,12.6,12.43
N.C. Central,1.28,14.4,32.29,3.4,0.515,15.43,45.33,41.176,16.9,17.7,66.94,11.9,-2.0,24.14,11.14,35.29,68.9,76.4,7.0,10.0,24.4,31.58,29.0,7.7,4.1,11.3,15.43
Arkansas,0.85,10.3,29.29,6.3,0.51,11.71,45.17,43.026,21.6,28.9,70.79,20.4,3.0,27.43,10.71,38.14,75.3,80.7,5.0,5.4,20.6,33.33,35.1,6.9,0.4,12.1,12.57
Florida St.,1.17,16.8,30.6,4.8,0.552,14.0,49.03,43.878,22.2,22.2,66.67,14.8,-2.0,25.6,9.8,35.4,73.8,83.2,9.0,11.8,22.0,34.55,23.9,7.6,4.0,14.4,18.4
Austin Peay,0.95,10.3,12.17,3.3,0.48,8.5,41.57,43.653,18.8,16.7,68.0,11.3,0.0,24.33,11.33,35.67,66.5,68.3,1.0,9.8,22.3,34.33,27.5,7.7,3.3,10.8,14.17
UTSA,1.12,12.3,24.33,5.3,0.459,11.83,40.41,41.414,21.7,22.7,69.85,15.8,-5.0,27.83,12.33,40.17,82.7,74.8,-7.0,5.3,23.3,30.0,31.3,7.0,-1.8,11.0,9.17
Utah,1.44,18.4,17.2,3.6,0.546,6.8,46.89,42.633,13.0,21.8,68.81,15.0,8.0,30.2,11.4,41.6,71.2,81.6,10.0,7.0,24.2,38.84,35.8,9.4,-2.0,12.8,10.8
Oregon,1.51,13.0,25.8,3.4,0.518,11.0,45.16,42.069,17.0,26.4,58.33,15.4,8.0,30.6,12.2,42.8,68.2,79.6,11.0,7.2,22.4,36.61,30.9,8.2,2.8,8.6,11.4
San Francisco,1.26,18.0,28.67,4.0,0.572,12.0,50.27,38.535,17.8,14.7,73.86,10.8,10.0,25.67,11.83,37.5,60.7,81.3,20.0,9.5,23.7,35.92,29.3,8.5,2.2,14.3,16.5
Butler,1.3,13.8,24.17,3.8,0.54,12.0,46.98,39.314,14.8,21.5,78.29,16.8,0.0,28.0,9.33,37.33,66.8,82.3,15.0,6.3,25.0,34.0,28.9,8.5,3.0,10.7,13.67
Hofstra,1.51,17.7,18.0,4.0,0.583,7.5,49.48,39.344,18.0,13.3,80.0,10.7,0.0,27.83,9.0,36.83,71.5,85.3,13.0,6.7,29.5,38.42,32.6,11.3,1.7,11.7,13.33
James Madison,1.38,15.7,24.83,4.0,0.553,10.67,48.12,43.272,21.8,26.3,70.25,18.5,-1.0,26.33,11.17,37.5,80.5,92.0,11.0,9.0,24.0,39.58,30.9,9.5,4.8,11.3,16.17
TCU,1.56,22.4,36.0,6.0,0.581,29.4,52.8,41.438,18.2,21.4,77.57,16.6,12.0,29.0,12.8,41.8,63.2,91.4,28.0,11.6,19.8,34.34,32.5,6.8,4.0,14.4,18.4
Harvard,1.41,16.5,12.17,6.7,0.546,14.0,47.54,36.658,14.7,15.2,71.43,10.8,1.0,30.33,10.33,40.67,66.7,77.5,10.0,5.5,22.3,38.81,29.4,8.7,-0.8,11.7,10.83
Syracuse,1.21,13.3,20.0,5.0,0.496,14.33,44.39,41.451,14.2,16.7,71.0,11.8,-2.0,27.67,11.0,38.67,71.5,78.2,6.0,9.2,24.3,28.77,32.4,7.0,4.7,11.0,15.67
Auburn,1.54,20.0,37.8,6.2,0.539,12.6,46.64,38.0,20.6,24.8,73.39,18.2,7.0,27.8,12.4,40.2,66.4,82.4,16.0,6.0,23.8,36.13,22.4,8.6,0.4,13.0,13.4
Northwestern,1.41,13.0,9.0,4.8,0.483,7.6,43.01,44.033,16.6,15.0,78.67,11.8,-2.0,19.4,10.8,30.2,62.6,67.0,4.0,9.4,20.6,29.13,38.1,6.0,6.8,9.2,16.0
Drake,1.66,16.6,10.8,1.0,0.575,9.4,49.13,49.64,14.6,19.2,77.08,14.8,0.0,23.0,8.0,31.0,73.0,80.8,7.0,6.8,25.4,37.8,35.8,9.6,5.0,10.0,15.0
Marshall,1.15,15.2,14.33,5.5,0.457,8.83,40.71,45.885,16.3,19.7,72.03,14.2,-1.0,26.5,13.67,40.17,81.2,74.0,-7.0,7.0,24.7,26.35,34.2,6.5,0.3,13.2,13.5
UT Arlington,1.29,18.0,30.8,2.8,0.505,7.4,42.64,42.553,18.2,17.0,69.41,11.8,10.0,29.8,15.0,44.8,77.4,77.6,0.0,4.4,31.0,32.9,36.2,10.2,-5.2,14.0,8.8
Akron,1.12,15.2,27.17,2.0,0.552,10.33,46.53,44.186,16.5,19.0,72.81,13.8,5.0,26.17,10.17,36.33,66.7,77.5,10.0,7.0,28.3,35.29,33.3,10.0,0.3,13.5,13.83
UNC Greensboro,1.46,14.2,20.5,1.2,0.551,7.5,46.34,40.625,20.2,16.5,71.21,11.8,2.0,25.25,10.75,36.0,72.0,79.5,7.0,6.2,27.2,39.45,31.6,10.8,1.8,9.8,11.5
LMU (CA),1.0,12.5,29.17,2.5,0.558,8.67,47.69,43.266,19.7,22.0,73.48,16.2,4.0,26.0,9.67,35.67,72.8,80.5,7.0,5.5,25.5,36.6,35.3,9.3,-0.7,12.5,11.83
FDU,1.39,17.7,31.83,2.3,0.548,19.17,46.31,41.604,18.2,23.8,71.33,17.0,-2.0,28.5,10.67,39.17,77.8,88.8,11.0,9.8,31.3,35.64,31.9,11.2,3.0,12.7,15.67
William & Mary,1.17,13.5,24.33,1.2,0.513,6.67,43.18,41.071,19.3,21.5,72.87,15.7,4.0,27.83,10.33,38.17,70.0,77.0,7.0,5.2,29.2,33.14,33.8,9.7,1.0,11.5,12.5
Delaware,1.4,14.8,21.2,3.4,0.566,6.6,50.0,37.705,14.8,20.2,62.38,12.6,4.0,29.6,8.6,38.2,61.6,77.8,16.0,6.2,18.6,40.86,27.8,7.6,1.2,10.6,11.8
Maine,1.25,13.4,25.71,2.9,0.537,10.14,48.48,42.67,16.9,17.6,73.98,13.0,0.0,25.57,7.29,32.86,65.1,73.4,8.0,9.3,18.7,31.3,29.3,5.9,3.3,10.7,14.0
Oklahoma St.,1.49,17.2,29.0,3.5,0.539,11.33,46.13,40.87,17.7,19.2,60.87,11.7,4.0,27.33,10.83,38.17,66.5,76.7,10.0,6.5,27.7,33.73,31.3,9.3,1.7,11.5,13.17
Yale,1.34,13.7,17.67,2.8,0.526,6.83,47.24,40.214,14.2,18.0,73.15,13.2,1.0,28.33,7.83,36.17,69.0,76.7,7.0,5.5,18.2,35.78,30.7,6.5,1.0,10.2,11.17
Columbia,1.35,17.3,31.0,2.3,0.524,17.83,46.07,39.167,16.3,22.3,79.85,17.8,2.0,27.17,9.33,36.5,65.3,80.0,14.0,11.0,22.5,33.33,26.8,7.5,4.0,12.8,16.83
UNC Asheville,1.54,19.4,33.4,4.6,0.562,11.8,49.07,42.444,19.6,24.6,68.29,16.8,3.0,24.8,12.8,37.6,76.2,89.2,13.0,6.2,28.2,32.62,35.4,9.2,3.4,12.6,16.0
SMU,1.33,15.3,26.33,5.2,0.483,15.0,42.71,37.778,18.8,18.3,69.09,12.7,3.0,27.17,14.17,41.33,64.8,74.5,9.0,9.3,21.3,33.59,26.2,7.2,2.3,11.5,13.83
Xavier,1.46,18.5,22.5,3.0,0.524,14.67,47.44,36.951,17.0,19.3,64.66,12.5,1.0,30.17,10.0,40.17,66.7,77.3,10.0,7.7,19.5,31.62,27.3,6.2,0.8,12.7,13.5
FGCU,1.0,11.2,24.33,2.5,0.496,9.17,43.22,45.21,17.7,18.5,70.27,13.0,2.0,23.33,12.17,35.5,76.2,71.5,-4.0,5.0,25.3,29.61,38.3,7.5,-1.5,11.2,9.67
UCLA,1.14,13.3,19.5,4.2,0.503,9.67,46.79,36.013,18.5,23.2,73.38,17.0,9.0,26.67,10.67,37.33,56.7,71.8,15.0,7.3,13.0,29.49,27.8,3.8,1.7,11.7,13.33
Kennesaw St.,1.32,17.0,26.5,4.7,0.487,23.0,42.24,37.75,19.8,21.8,70.99,15.5,5.0,31.17,16.0,47.17,74.8,86.7,11.0,9.2,32.3,29.38,25.7,9.5,3.0,12.8,15.83
Memphis,1.03,13.5,25.5,5.7,0.534,11.0,45.81,39.164,17.3,21.8,70.23,15.3,-3.0,26.5,10.0,36.5,72.0,79.0,7.0,8.8,24.3,36.99,33.1,9.0,1.7,13.2,14.83
Northern Colo.,0.93,11.8,17.0,2.2,0.497,13.5,42.66,42.898,17.2,21.7,69.23,15.0,1.0,27.0,10.67,37.67,72.2,74.8,2.0,6.3,27.5,30.91,34.7,8.5,0.7,12.7,13.33
Wofford,1.09,14.4,31.2,3.6,0.521,7.0,43.93,46.69,21.4,21.6,64.81,14.0,0.0,24.0,11.2,35.2,84.4,77.6,-6.0,4.2,29.2,34.25,35.7,10.0,-3.0,13.2,10.2
Ohio,1.11,12.2,16.5,5.0,0.512,10.0,44.57,40.079,19.5,23.2,72.04,16.8,-1.0,27.25,10.75,38.0,75.8,82.8,7.0,7.2,27.2,31.19,31.5,8.5,4.5,11.0,15.5
Louisiana,1.41,16.0,19.0,4.7,0.561,11.67,47.55,47.813,17.5,15.0,75.56,11.3,0.0,21.67,12.83,34.5,73.0,83.7,10.0,7.7,28.0,39.29,22.6,11.0,3.2,11.3,14.5
South Fla.,1.25,13.8,34.25,2.2,0.456,15.25,41.91,42.009,18.5,23.2,77.42,18.0,0.0,26.0,10.5,36.5,63.8,73.0,9.0,8.0,20.5,21.95,25.3,4.5,4.8,11.0,15.75
UNI,1.17,13.5,20.5,1.8,0.527,4.83,46.05,40.23,18.5,18.2,65.14,11.8,3.0,28.17,9.33,37.5,70.2,74.0,3.0,5.8,23.2,33.81,33.1,7.8,0.2,11.5,11.67
Saint Mary's (CA),1.31,15.3,21.83,5.3,0.483,5.5,42.4,38.095,16.2,16.8,65.35,11.0,14.0,28.0,16.83,44.83,57.8,71.3,13.0,5.7,23.8,30.77,27.7,7.3,-0.2,11.7,11.5
Sacred Heart,1.07,12.7,30.33,5.2,0.519,11.33,45.55,43.28,18.5,20.3,71.31,14.5,2.0,27.17,13.17,40.33,71.2,82.5,11.0,10.2,20.7,40.32,32.4,8.3,3.2,11.8,15.0
Alabama,1.28,14.6,34.2,4.0,0.639,17.2,54.98,41.869,19.6,30.0,77.33,23.2,11.0,28.2,11.2,39.4,71.6,97.6,26.0,7.8,23.6,44.07,31.8,10.4,1.2,11.4,12.6
Charleston So.,0.93,13.7,20.17,2.5,0.562,10.0,48.79,42.898,18.8,18.0,71.3,12.8,1.0,24.67,9.33,34.0,73.0,74.7,1.0,4.0,21.7,37.69,28.7,8.2,-4.5,14.7,10.17
Murray St.,1.31,13.6,13.4,2.8,0.51,11.8,45.16,45.955,15.4,21.4,67.29,14.4,4.0,27.6,11.4,39.0,73.2,77.6,4.0,4.8,21.2,33.96,33.7,7.2,0.8,10.4,11.2
North Carolina,1.31,13.5,24.33,4.8,0.526,10.83,46.51,39.782,17.3,26.8,75.16,20.2,7.0,28.0,12.5,40.5,69.0,85.3,16.0,5.3,20.3,36.89,30.7,7.5,2.7,10.3,13.0
USC Upstate,1.31,14.0,21.0,3.0,0.506,14.17,43.98,44.411,18.0,14.8,66.29,9.8,-9.0,22.17,7.83,30.0,71.2,70.0,-1.0,9.5,21.3,36.72,31.1,7.8,4.8,10.7,15.5
Wyoming,0.9,14.6,16.0,5.2,0.565,9.4,49.09,38.585,15.4,23.8,73.11,17.4,4.0,26.6,10.8,37.4,66.4,79.6,13.0,6.0,20.4,40.2,28.0,8.2,-1.2,16.2,15.0
Davidson,1.06,11.5,20.67,2.3,0.485,5.33,41.82,41.092,14.8,20.0,72.5,14.5,-1.0,24.33,10.5,34.83,66.0,67.8,1.0,7.7,23.2,31.65,34.6,7.3,1.3,10.8,12.17
Miami (FL),1.29,16.0,10.8,5.2,0.615,17.2,52.36,41.298,15.0,19.6,82.65,16.2,0.0,28.2,7.8,36.0,72.6,89.0,16.0,8.6,23.6,45.76,26.8,10.8,2.0,12.4,14.4
New Mexico,1.51,15.8,19.0,3.8,0.51,14.83,47.1,40.608,17.5,23.3,70.71,16.5,6.0,29.33,12.5,41.83,69.7,84.0,14.0,7.5,16.5,31.31,32.1,5.2,4.2,10.5,14.67
Hawaii,0.93,12.8,24.5,3.0,0.562,5.75,48.67,41.126,18.5,22.2,74.16,16.5,7.0,29.25,9.0,38.25,64.2,80.0,15.0,5.5,22.8,37.36,27.9,8.5,0.0,13.8,13.75
Arizona,1.54,21.0,32.17,5.0,0.575,21.0,51.38,38.108,16.5,24.7,76.35,18.8,19.0,32.17,15.33,47.5,63.8,95.3,31.0,9.7,20.8,39.2,31.5,8.2,2.2,13.7,15.83
Air Force,1.21,14.7,9.43,5.3,0.542,4.14,45.98,38.56,17.1,20.0,67.86,13.6,-1.0,26.43,6.57,33.0,61.9,67.4,5.0,5.9,23.4,34.76,30.0,8.1,-1.1,12.1,11.0
Duke,1.93,17.7,22.5,3.8,0.573,10.33,50.68,40.395,15.5,19.7,72.88,14.3,5.0,28.33,9.67,38.0,64.2,84.0,19.0,6.3,22.7,35.29,31.2,8.0,3.7,9.2,12.83
Bethune-Cookman,1.11,14.6,24.8,3.2,0.496,26.2,43.79,41.176,19.8,20.2,69.31,14.0,5.0,25.0,16.0,41.0,69.0,84.2,15.0,16.4,26.6,30.83,36.4,8.2,10.2,13.2,23.4
Minnesota,1.34,18.8,27.0,6.0,0.537,14.4,46.15,37.654,16.0,24.6,78.05,19.2,10.0,31.6,12.0,43.6,65.2,80.6,15.0,6.0,25.6,33.59,32.7,8.6,-3.0,14.0,11.0
South Carolina,1.25,15.2,21.0,2.6,0.555,6.4,48.23,41.516,19.0,20.4,68.63,14.0,6.0,25.6,10.4,36.0,66.0,76.6,10.0,5.6,20.8,39.42,28.9,8.2,-0.6,12.2,11.6
Arkansas St.,1.1,15.4,22.0,4.4,0.492,9.0,42.46,50.336,21.6,18.8,65.96,12.4,1.0,24.6,13.0,37.6,86.2,76.4,-9.0,4.8,26.8,32.84,36.5,8.8,-4.6,14.0,9.4
UC Irvine,1.48,17.7,34.0,3.4,0.555,15.29,50.24,39.95,18.7,21.1,68.24,14.4,7.0,28.14,10.43,38.57,65.1,81.7,16.0,7.3,17.4,36.89,28.1,6.4,1.7,12.0,13.71
West Virginia,1.07,12.8,7.6,4.0,0.436,9.6,37.5,40.614,12.6,20.4,68.63,14.0,5.0,27.2,12.4,39.6,63.0,62.8,0.0,3.8,21.8,31.19,34.5,6.8,-3.0,12.0,9.0
Montana,1.17,12.6,25.6,2.4,0.507,9.0,46.32,42.321,18.2,18.6,75.27,14.0,0.0,26.8,8.6,35.4,71.2,71.8,0.0,4.0,17.6,28.41,31.6,5.0,-1.8,10.8,9.0
Western Caro.,1.44,12.2,20.5,4.0,0.539,8.25,47.52,41.423,15.8,19.8,73.42,14.5,5.0,29.5,10.25,39.75,66.0,79.8,13.0,3.8,20.0,38.75,30.3,7.8,1.2,8.5,9.75
UNCW,1.25,13.0,37.2,3.0,0.572,18.2,49.06,48.355,16.0,21.2,74.53,15.8,0.0,26.4,9.0,35.4,75.8,88.6,12.0,7.0,23.4,44.44,34.3,10.4,3.8,10.4,14.2
Evansville,1.43,16.0,34.2,4.2,0.55,17.2,49.84,36.486,13.8,20.2,71.29,14.4,9.0,31.0,10.2,41.2,58.8,84.6,25.0,8.6,19.0,34.74,33.3,6.6,6.4,11.2,17.6
Rhode Island,1.15,14.3,24.17,3.3,0.539,10.5,48.98,40.26,15.5,23.8,61.54,14.7,8.0,28.17,13.0,41.17,68.7,76.3,7.0,5.7,16.7,34.0,32.9,5.7,-3.2,12.5,9.33
UTRGV,1.05,16.3,23.0,3.8,0.481,17.5,43.99,46.649,17.0,21.8,63.36,13.8,-2.0,25.83,11.5,37.33,81.0,76.5,-4.0,11.7,21.2,25.2,43.8,5.3,2.7,15.5,18.17
Wagner,1.25,11.2,28.0,2.8,0.416,8.5,36.08,44.545,17.2,13.8,70.91,9.8,-3.0,23.0,14.0,37.0,64.2,62.8,-1.0,7.0,24.8,28.28,28.9,7.0,4.5,9.0,13.5
Georgia Tech,0.96,12.0,26.0,5.8,0.461,8.5,40.62,44.715,18.2,24.0,63.54,15.2,2.0,23.5,15.5,39.0,77.5,74.2,-3.0,6.2,23.5,29.79,30.1,7.0,-0.5,12.5,12.0
Fairfield,1.11,13.5,13.0,3.5,0.486,10.5,41.51,45.355,15.2,13.0,76.92,10.0,-3.0,24.83,10.67,35.5,74.0,72.0,-2.0,8.3,27.7,32.53,36.0,9.0,2.2,12.2,14.33
App State,1.5,15.0,31.0,6.0,0.509,14.4,45.15,37.417,14.8,18.2,58.24,10.6,7.0,31.0,12.6,43.6,66.8,77.8,11.0,6.4,24.2,31.4,31.0,7.6,2.2,10.0,12.2
Temple,1.22,11.2,14.0,3.2,0.467,8.2,39.0,43.003,15.2,22.4,84.82,19.0,-1.0,25.2,11.2,36.4,70.4,75.0,4.0,7.8,27.6,33.33,38.7,9.2,4.0,9.2,13.2
Denver,1.72,14.3,24.17,4.0,0.517,13.0,44.74,46.512,16.0,30.7,71.2,21.8,5.0,27.17,14.17,41.33,80.5,87.3,6.0,5.7,23.5,37.59,32.6,8.8,1.2,8.3,9.5
Michigan St.,1.48,15.8,18.5,4.8,0.48,16.67,43.87,35.53,18.7,21.2,67.72,14.3,0.0,27.17,11.5,38.67,63.5,73.0,9.0,7.2,18.7,26.79,27.9,5.0,2.2,10.7,12.83
California Baptist,1.19,12.4,23.6,2.4,0.48,8.2,41.16,40.288,15.4,25.6,65.62,16.8,7.0,27.0,13.6,40.6,61.8,70.0,8.0,4.6,21.0,36.19,31.2,7.6,0.0,10.4,10.4
Nebraska,1.67,16.7,27.33,3.0,0.535,10.0,45.53,35.121,13.8,26.8,71.43,19.2,9.0,31.67,12.33,44.0,60.2,81.0,20.0,4.5,27.3,33.54,23.9,9.2,0.2,10.0,10.17
Dayton,1.3,14.5,19.17,3.5,0.544,5.5,46.13,44.083,13.7,21.5,74.42,16.0,-1.0,23.17,7.83,31.0,67.3,69.8,2.0,5.3,23.0,35.51,41.3,8.2,-0.5,11.2,10.67
Grambling,0.77,10.6,30.43,2.4,0.485,12.14,45.01,48.883,18.7,19.1,70.15,13.4,-1.0,20.86,10.0,30.86,80.6,70.4,-10.0,8.0,14.7,28.16,39.7,4.1,-0.6,13.7,13.14
American,1.29,15.0,29.17,1.8,0.507,9.67,42.9,48.936,18.7,16.3,72.45,11.8,0.0,22.33,11.33,33.67,74.8,72.5,-2.0,7.5,27.7,33.73,32.8,9.3,0.8,11.7,12.5
Missouri,1.26,15.3,26.0,7.8,0.547,12.17,46.57,41.159,17.2,13.7,79.27,10.8,-1.0,25.17,9.0,34.17,66.5,74.7,8.0,8.5,27.5,34.55,30.4,9.5,1.3,12.2,13.5
Longwood,1.22,12.0,24.0,3.4,0.466,11.2,42.55,40.411,16.8,26.8,75.37,20.2,12.0,25.8,16.4,42.2,65.0,80.2,15.0,5.6,19.6,26.53,33.0,5.2,4.0,9.8,13.8
UMES,0.97,11.8,23.8,2.6,0.447,7.4,39.88,44.186,17.0,16.4,73.17,12.0,-4.0,23.6,11.4,35.0,77.0,69.4,-7.0,7.8,20.2,30.69,31.4,6.2,2.4,12.2,14.6
Duquesne,1.26,13.8,22.0,5.7,0.541,12.83,45.9,41.176,19.3,18.7,72.32,13.5,4.0,27.0,12.17,39.17,71.5,79.5,8.0,6.2,28.3,35.29,35.6,10.0,0.2,11.0,11.17
Bryant,1.23,14.6,24.86,6.3,0.517,13.57,44.07,37.975,17.3,16.6,65.52,10.9,-4.0,31.29,8.0,39.29,73.4,76.9,3.0,6.9,26.7,36.36,30.1,9.7,-0.6,11.9,11.29
Ark.-Pine Bluff,1.26,15.9,16.29,2.0,0.561,10.14,46.95,48.451,19.0,21.3,78.52,16.7,-5.0,24.43,8.71,33.14,86.1,87.7,1.0,8.6,27.9,41.54,32.3,11.6,2.9,12.6,15.43
Portland St.,1.1,11.3,26.67,3.8,0.494,13.17,42.44,42.638,16.5,20.3,68.03,13.8,0.0,25.33,10.17,35.5,63.3,70.5,7.0,7.8,23.7,33.8,39.7,8.0,4.0,10.3,14.33
Saint Louis,1.2,12.2,22.83,3.2,0.509,17.67,43.71,41.623,17.3,27.2,71.78,19.5,-6.0,28.17,7.0,35.17,72.5,78.8,6.0,8.3,21.2,39.37,30.2,8.3,4.2,10.2,14.33
Drexel,1.03,12.2,18.0,4.8,0.477,12.2,43.82,37.184,17.6,16.6,67.47,11.2,6.0,28.2,10.8,39.0,60.8,65.2,4.0,4.6,18.0,24.44,30.5,4.4,-1.8,11.8,10.0
Marist,1.21,13.0,23.5,2.2,0.507,7.25,46.05,44.55,18.5,15.2,57.38,8.8,-4.0,25.5,6.5,32.0,67.5,66.5,-1.0,8.2,18.0,29.17,34.7,5.2,3.0,10.8,13.75
Ohio St.,1.21,13.6,24.0,4.4,0.533,9.2,46.48,41.096,16.8,22.2,74.77,16.6,5.0,26.6,11.4,38.0,67.0,77.2,10.0,6.8,20.0,39.0,31.3,7.8,0.2,11.2,11.4
Samford,1.21,17.3,32.67,4.0,0.496,19.33,42.27,41.834,18.8,20.0,73.33,14.7,0.0,25.33,13.83,39.17,72.5,78.8,6.0,11.0,27.5,34.55,34.1,9.5,3.3,14.3,17.67
Cleveland St.,1.08,11.8,22.83,5.7,0.5,17.17,44.92,42.522,18.0,24.0,63.89,15.3,1.0,23.5,14.83,38.33,66.3,77.7,11.0,11.0,17.8,35.51,31.5,6.3,5.3,11.0,16.33
Texas,1.45,17.4,19.6,4.8,0.572,14.8,50.51,39.655,17.4,20.4,69.61,14.2,2.0,27.0,9.8,36.8,68.0,81.2,13.0,7.4,20.6,37.86,26.6,7.8,0.8,12.0,12.8
Norfolk St.,0.97,12.3,29.17,3.3,0.471,19.17,41.46,41.801,19.7,27.7,70.48,19.5,3.0,24.67,13.5,38.17,66.5,75.5,9.0,11.7,22.2,30.08,36.2,6.7,6.3,12.7,19.0
Charlotte,1.12,12.6,11.0,3.6,0.485,5.0,43.94,38.267,15.6,15.4,76.62,11.8,0.0,27.2,6.8,34.0,58.2,63.0,4.0,6.0,15.8,30.38,28.2,4.8,0.2,11.2,11.4
California,0.66,9.5,10.83,3.3,0.523,9.0,45.12,45.345,18.8,23.2,74.1,17.2,8.0,24.5,11.67,36.17,73.0,74.3,1.0,5.0,22.7,34.56,35.7,7.8,-3.3,14.5,11.17
Ball St.,1.07,12.3,20.67,2.8,0.544,7.17,48.0,41.945,14.3,24.2,70.34,17.0,7.0,26.33,11.5,37.83,60.8,80.5,19.0,7.0,20.0,37.5,29.3,7.5,4.2,11.5,15.67
Quinnipiac,1.2,15.6,32.2,4.4,0.534,12.8,47.4,41.975,14.6,24.0,78.33,18.8,8.0,29.4,11.2,40.6,72.0,84.6,12.0,6.0,20.2,36.63,29.9,7.4,-1.0,13.0,12.0
Presbyterian,1.19,14.4,31.0,4.1,0.543,13.86,48.35,39.558,19.3,23.4,68.29,16.0,1.0,28.71,7.71,36.43,69.6,77.0,7.0,6.1,18.0,37.3,26.7,6.7,0.1,12.1,12.29
Santa Clara,1.4,16.8,25.0,3.5,0.555,13.67,49.33,37.637,16.2,17.3,65.38,11.3,9.0,29.67,11.83,41.5,64.8,80.3,15.0,6.0,23.3,32.86,31.9,7.7,0.7,12.0,12.67
Mississippi St.,1.06,14.3,35.33,4.2,0.503,10.17,43.54,36.08,15.7,22.0,73.48,16.2,9.0,31.0,12.0,43.0,59.2,75.8,16.0,8.0,26.0,30.77,24.0,8.0,-0.7,13.5,12.83
Boston College,1.15,12.7,13.33,4.7,0.495,6.0,44.39,43.767,13.8,15.0,85.56,12.8,3.0,26.17,11.0,37.17,70.5,74.5,4.0,7.5,20.5,30.89,38.5,6.3,2.0,11.0,13.0
Stony Brook,1.0,9.2,24.6,3.8,0.448,6.8,39.2,44.231,13.2,16.8,66.67,11.2,-5.0,24.2,12.2,36.4,71.4,69.2,-2.0,8.6,24.4,29.51,35.7,7.2,4.8,9.2,14.0
Kansas St.,1.09,16.5,22.83,3.7,0.52,11.17,44.92,42.559,16.8,20.3,72.95,14.8,8.0,26.5,16.33,42.83,73.7,83.2,9.0,7.2,28.0,33.33,32.4,9.3,-1.8,15.2,13.33
Eastern Wash.,1.32,18.2,29.4,1.6,0.518,10.8,44.74,46.205,21.2,16.6,66.27,11.0,-3.0,26.8,7.0,33.8,80.4,74.0,-6.0,7.0,27.8,30.94,35.9,8.6,-1.4,13.8,12.4
Gardner-Webb,1.01,12.5,26.5,2.8,0.457,10.0,40.38,42.073,20.0,19.5,64.1,12.5,2.0,25.67,12.5,38.17,68.7,68.7,0.0,5.5,21.8,29.77,29.1,6.5,0.7,12.3,13.0
Bradley,0.98,14.2,18.5,5.0,0.544,14.75,46.72,35.409,17.0,17.2,65.22,11.2,-4.0,29.25,7.0,36.25,64.8,73.5,8.0,6.8,24.2,36.08,22.2,8.8,-1.2,14.5,13.25
Washington St.,1.4,14.8,25.8,7.4,0.573,10.4,51.19,36.972,19.0,21.4,61.68,13.2,8.0,28.2,11.2,39.4,62.0,80.4,18.0,7.4,19.2,37.5,25.5,7.2,1.4,10.6,12.0
Florida,1.3,17.2,22.83,5.2,0.535,17.33,48.04,42.44,18.3,27.8,64.67,18.0,8.0,25.67,16.83,42.5,74.7,86.3,11.0,7.7,21.3,32.81,36.4,7.0,-0.8,13.2,12.33
Oral Roberts,1.21,10.2,6.6,5.6,0.483,5.2,40.82,39.577,15.8,17.6,69.32,12.2,-10.0,27.0,7.6,34.6,73.0,69.0,-4.0,5.2,27.6,31.88,34.5,8.8,1.4,8.4,9.8
St. Bonaventure,1.05,12.8,14.8,3.6,0.477,8.4,41.64,44.906,16.2,16.6,78.31,13.0,0.0,20.8,11.0,31.8,68.2,66.6,-1.0,6.6,24.4,27.87,34.8,6.8,3.0,12.2,15.2
Cornell,1.19,18.0,41.83,2.3,0.594,14.0,50.97,45.405,18.2,20.8,68.0,14.2,5.0,27.5,10.0,37.5,76.3,85.7,9.0,8.3,27.3,37.2,29.6,10.2,-0.7,15.2,14.5
Penn,1.08,16.0,24.0,4.5,0.535,10.67,46.22,40.164,16.5,23.0,65.94,15.2,11.0,28.83,14.33,43.17,69.0,78.8,9.0,6.3,24.0,36.11,31.0,8.7,-3.7,14.8,11.17
Tennessee St.,1.01,12.8,23.67,3.5,0.515,16.0,45.73,41.143,16.7,17.3,70.19,12.2,0.0,26.17,9.67,35.83,67.7,74.5,6.0,7.7,20.7,33.87,35.6,7.0,4.0,12.7,16.67
High Point,1.04,12.0,29.0,3.8,0.537,10.17,45.36,40.921,19.3,28.8,75.14,21.7,15.0,31.33,14.83,46.17,76.8,87.2,10.0,4.2,27.0,37.65,34.5,10.2,-3.2,11.5,8.33
East Carolina,1.23,15.0,16.67,2.8,0.549,11.33,48.41,46.608,16.3,26.8,70.19,18.8,6.0,23.67,12.83,36.5,72.8,82.0,9.0,8.5,22.3,33.58,33.8,7.5,2.2,12.2,14.33
Eastern Ill.,0.84,10.7,24.33,2.7,0.438,8.5,39.13,44.625,18.5,13.5,72.84,9.8,2.0,23.33,13.33,36.67,67.5,63.5,-4.0,6.7,17.2,33.01,33.3,5.7,0.8,12.7,13.5
Coastal Carolina,1.05,15.8,23.25,3.0,0.507,12.0,44.03,44.151,17.0,19.2,58.44,11.2,6.0,28.25,15.5,43.75,85.2,79.2,-6.0,6.2,24.5,36.73,38.0,9.0,-4.5,15.0,10.5
Rider,0.98,12.8,22.2,3.8,0.432,10.6,39.27,40.203,17.2,15.8,60.76,9.6,1.0,29.2,12.4,41.6,71.6,66.8,-4.0,8.2,20.6,25.24,29.2,5.2,-0.4,13.0,12.6
Washington,1.31,16.8,17.0,5.8,0.537,16.4,48.87,40.439,21.0,23.0,70.43,16.2,-2.0,27.6,9.4,37.0,75.6,82.6,7.0,7.4,20.0,30.0,28.3,6.0,0.0,12.8,12.8
Kansas City,0.95,12.6,26.0,3.4,0.492,5.4,43.19,44.841,20.6,20.0,64.0,12.8,3.0,21.8,14.0,35.8,69.8,72.0,2.0,7.4,23.8,30.25,41.0,7.2,3.6,13.2,16.8
Binghamton,1.16,14.7,29.83,5.0,0.516,9.17,46.02,40.11,18.2,20.5,66.67,13.7,4.0,28.33,10.67,39.0,69.3,74.2,4.0,5.0,21.0,30.95,30.4,6.5,-2.3,12.7,10.33
UMass Lowell,0.84,12.2,22.4,5.0,0.537,11.0,49.66,36.513,17.8,18.8,75.53,14.2,8.0,29.4,11.4,40.8,60.4,77.8,17.0,6.8,15.2,31.58,20.5,4.8,-1.4,14.6,13.2
Omaha,0.95,10.4,28.14,1.6,0.488,17.0,42.89,45.699,16.9,22.0,70.78,15.6,0.0,23.0,9.86,32.86,68.9,71.4,2.0,6.4,20.1,33.33,32.4,6.7,2.7,11.0,13.71
Belmont,1.28,16.6,29.2,4.4,0.558,10.8,49.21,47.953,16.4,18.0,62.22,11.2,-9.0,25.2,7.4,32.6,87.6,82.0,-5.0,9.4,24.0,35.0,35.0,8.4,0.4,13.0,13.4
North Florida,1.08,13.0,29.0,2.9,0.501,6.57,41.22,44.359,17.3,17.9,80.8,14.4,0.0,25.43,10.14,35.57,71.4,75.6,4.0,6.6,31.3,34.7,26.1,10.9,-0.3,12.0,11.71
Loyola Chicago,1.09,14.7,25.17,5.3,0.512,8.0,43.88,42.391,16.8,18.7,75.0,14.0,0.0,27.83,7.67,35.5,73.0,71.2,-1.0,5.5,22.8,35.77,37.0,8.2,-2.7,13.5,10.83
Iona,1.4,14.6,24.2,3.0,0.522,6.8,44.72,45.652,19.2,16.4,65.85,10.8,-4.0,22.2,11.2,33.4,75.6,78.0,2.0,9.4,25.2,38.1,33.9,9.6,4.8,10.4,15.2
Furman,1.3,18.2,23.4,3.6,0.532,13.8,46.65,45.625,16.0,23.0,73.04,16.8,3.0,29.0,10.6,39.6,78.0,83.4,5.0,9.6,28.8,28.47,36.8,8.2,-0.2,14.0,13.8
Southern Utah,0.98,10.6,13.2,0.8,0.506,6.4,44.34,47.619,18.0,22.0,70.91,15.6,0.0,23.6,13.0,36.6,74.6,78.2,3.0,7.0,23.2,33.62,30.1,7.8,2.2,10.8,13.0
Idaho,1.16,14.5,31.67,4.0,0.524,7.17,46.24,42.815,18.5,17.0,66.67,11.3,2.0,26.17,10.0,36.17,69.3,74.0,4.0,7.5,25.3,28.95,33.0,7.3,-0.3,12.5,12.17
San Diego St.,1.4,17.4,10.2,4.4,0.528,10.6,46.53,42.623,18.2,27.0,70.37,19.0,2.0,26.0,12.0,38.0,71.6,83.0,11.0,9.8,21.8,34.86,30.4,7.6,2.2,12.4,14.6
Alabama St.,1.15,12.8,28.5,3.5,0.457,19.33,39.62,42.781,21.2,20.3,72.13,14.7,3.0,28.33,16.17,44.5,80.3,78.5,-1.0,8.7,25.0,34.0,33.0,8.5,1.3,11.2,12.5
NIU,1.04,14.0,19.8,5.6,0.554,19.6,49.35,39.886,15.6,28.4,66.9,19.0,4.0,30.2,11.2,41.4,76.4,87.2,10.0,6.2,21.4,34.58,30.3,7.4,-1.4,13.4,12.0
DePaul,0.91,14.2,19.8,5.0,0.502,8.8,43.49,43.96,17.8,19.6,72.45,14.2,-7.0,23.0,7.4,30.4,72.4,68.2,-4.0,4.8,19.2,37.5,31.5,7.2,-1.2,15.6,14.4
Valparaiso,1.1,11.0,22.8,6.4,0.431,12.8,38.15,40.498,15.6,21.8,70.64,15.4,-3.0,28.2,12.2,40.4,67.8,71.4,3.0,7.2,21.0,30.48,26.0,6.4,4.8,10.0,14.8
Oklahoma,1.18,14.3,31.83,4.5,0.567,13.83,50.41,36.872,14.3,20.0,77.5,15.5,9.0,28.83,12.0,40.83,59.8,84.2,24.0,7.2,22.8,33.58,25.2,7.7,2.0,12.2,14.17
Kent St.,1.04,13.5,24.17,2.8,0.504,14.0,44.0,41.691,20.0,26.3,75.32,19.8,2.0,25.0,12.67,37.67,71.7,82.8,11.0,8.2,24.0,33.33,38.1,8.0,4.7,13.0,17.67
Seton Hall,1.12,13.5,18.17,2.5,0.499,9.83,45.43,40.12,16.2,18.5,78.38,14.5,8.0,27.0,13.17,40.17,65.3,76.3,11.0,9.5,18.8,29.2,29.1,5.5,2.5,12.0,14.5
North Texas,0.87,10.8,23.0,2.2,0.509,12.4,43.01,40.996,17.0,14.6,82.19,12.0,3.0,23.6,10.8,34.4,59.8,67.4,7.0,7.4,22.6,38.05,28.6,8.6,1.2,12.4,13.6
San Jose St.,1.12,14.5,14.67,4.5,0.559,10.0,47.84,39.823,16.3,15.3,67.39,10.3,2.0,25.5,9.5,35.0,62.3,75.0,12.0,5.8,26.7,35.0,26.0,9.3,0.3,13.0,13.33
St. John's (NY),1.0,15.2,20.4,4.6,0.519,11.6,44.72,45.098,18.0,15.6,69.23,10.8,7.0,24.0,16.6,40.6,77.0,77.6,0.0,6.6,23.2,39.66,37.9,9.2,-2.8,15.2,12.4
Robert Morris,0.73,10.8,12.6,2.8,0.464,6.6,40.36,48.339,19.8,17.2,74.42,12.8,0.0,22.0,10.6,32.6,70.2,64.8,-5.0,6.4,20.6,33.01,29.2,6.8,-2.6,14.8,12.2
Milwaukee,1.38,12.8,32.83,3.8,0.449,14.67,38.44,46.218,17.0,20.2,68.6,13.8,-1.0,23.33,16.0,39.33,76.3,75.3,-1.0,9.0,29.8,29.61,40.8,8.8,5.3,9.3,14.67
Lehigh,1.05,14.2,20.0,2.8,0.495,11.5,43.62,45.946,20.3,13.0,71.79,9.3,-1.0,26.83,10.17,37.0,79.8,74.0,-5.0,8.0,23.3,32.86,36.0,7.7,-0.3,13.5,13.17
Central Ark.,1.04,13.0,24.5,3.5,0.453,8.83,39.57,42.458,18.8,18.7,66.07,12.3,-3.0,25.17,12.33,37.5,73.2,68.8,-4.0,8.2,23.7,30.28,31.1,7.2,1.8,12.5,14.33
Georgetown,0.99,14.4,12.6,2.8,0.541,12.4,46.28,42.574,16.2,21.4,67.29,14.4,6.0,27.4,12.6,40.0,70.2,78.4,8.0,6.2,26.2,35.11,28.2,9.2,-3.2,14.6,11.4
George Washington,0.89,13.4,24.2,5.8,0.546,7.6,46.65,36.164,14.2,22.6,80.53,18.2,3.0,35.8,6.8,42.6,70.8,86.6,15.0,7.8,25.6,39.06,25.6,10.0,-1.8,15.0,13.2
Illinois,1.05,13.2,26.5,5.0,0.531,9.17,46.74,34.0,12.0,17.5,57.14,10.0,12.0,35.5,12.83,48.33,58.7,77.8,19.0,4.3,25.8,31.61,25.9,8.2,-3.2,12.5,9.33
Notre Dame,0.91,11.8,22.2,2.6,0.488,3.6,42.81,41.0,14.8,14.4,73.61,10.6,0.0,27.4,8.8,36.2,67.2,66.2,-1.0,5.2,24.2,28.1,34.3,6.8,-2.0,13.0,11.0
Troy,0.91,15.3,36.67,3.3,0.509,18.67,45.0,39.193,23.0,27.0,69.14,18.7,8.0,27.83,15.5,43.33,69.5,86.5,17.0,10.5,25.8,30.32,27.4,7.8,1.3,16.8,18.17
Baylor,1.24,15.7,29.83,4.7,0.577,11.17,51.09,43.733,17.0,27.2,74.23,20.2,7.0,24.5,14.17,38.67,73.0,90.5,17.0,8.7,19.5,41.03,29.4,8.0,1.7,12.7,14.33
Rutgers,1.12,13.4,26.0,4.8,0.479,20.4,42.86,36.823,15.2,24.2,63.64,15.4,4.0,27.2,12.6,39.8,58.6,70.4,11.0,7.8,20.4,28.43,32.5,5.8,4.2,12.0,16.2
Jacksonville,0.79,12.2,28.4,4.2,0.5,15.0,46.1,39.145,23.2,21.6,70.37,15.2,4.0,29.2,11.6,40.8,73.0,76.8,3.0,10.8,18.4,26.09,29.8,4.8,0.6,15.4,16.0
Utah Valley,1.18,16.2,22.83,3.8,0.489,12.5,44.69,39.888,17.3,18.5,63.06,11.7,2.0,29.0,10.0,39.0,66.5,70.0,3.0,6.7,20.8,24.0,28.4,5.0,-0.7,13.7,13.0
Georgia,0.93,11.0,21.67,2.8,0.455,11.67,39.18,41.417,18.7,21.3,72.66,15.5,-5.0,26.0,10.33,36.33,72.0,70.8,-1.0,6.5,25.7,29.87,28.7,7.7,0.8,11.8,12.67
Tulsa,0.89,13.5,20.0,4.2,0.467,18.5,40.66,34.496,18.2,30.8,74.8,23.0,7.0,32.0,14.75,46.75,61.5,79.2,17.0,9.5,24.5,29.59,26.2,7.2,0.2,15.2,15.5
LSU,0.82,10.8,28.5,4.7,0.533,9.83,47.45,38.841,16.7,25.5,72.55,18.5,1.0,25.33,10.5,35.83,67.2,77.7,10.0,10.3,17.7,36.79,35.5,6.5,3.2,13.2,16.33
Arizona St.,1.06,11.2,17.0,3.2,0.444,11.2,39.16,39.414,16.0,22.0,60.91,13.4,-8.0,25.8,9.4,35.2,67.2,64.2,-3.0,8.4,20.8,28.85,30.1,6.0,4.2,10.6,14.8
North Dakota St.,1.2,12.0,28.83,1.5,0.527,7.17,46.09,44.974,13.0,17.5,70.48,12.3,2.0,26.5,11.83,38.33,73.3,77.5,4.0,5.8,21.3,38.28,39.2,8.2,0.8,10.0,10.83
Chattanooga,0.9,13.0,13.4,4.2,0.541,11.8,45.58,38.291,15.0,18.8,73.4,13.8,10.0,31.0,11.0,42.0,65.4,77.4,12.0,6.0,32.2,31.06,29.2,10.0,-3.4,14.4,11.0
VCU,0.87,12.8,21.5,5.2,0.508,10.17,43.67,38.081,17.3,20.0,77.5,15.5,2.0,27.17,8.67,35.83,63.3,66.3,3.0,6.3,23.5,30.5,29.8,7.2,-4.2,14.8,10.67
Northern Ky.,1.16,14.8,19.4,3.6,0.493,14.4,44.14,45.763,19.0,22.0,70.0,15.4,-2.0,22.6,11.4,34.0,76.0,72.6,-3.0,7.0,20.6,29.13,33.6,6.0,1.6,12.8,14.4
Illinois St.,0.76,9.8,25.17,2.0,0.448,5.33,38.78,41.369,17.5,22.3,67.16,15.0,0.0,25.83,11.33,37.17,66.2,66.2,0.0,6.7,24.0,28.47,31.4,6.8,1.0,13.0,14.0
VMI,0.72,10.5,27.5,2.8,0.505,11.67,45.82,41.579,18.3,15.0,61.11,9.2,3.0,29.67,10.83,40.5,74.5,71.7,-2.0,4.3,19.3,30.17,30.9,5.8,-3.7,14.7,11.0
SIUE,1.19,11.5,12.67,4.3,0.482,5.0,41.67,42.025,16.0,17.7,71.7,12.7,0.0,23.33,10.17,33.5,68.2,66.7,-1.0,5.0,19.0,38.6,35.1,7.3,-0.3,9.7,9.33
Northeastern,1.05,14.5,21.67,4.2,0.541,5.5,47.85,46.049,13.7,22.3,71.64,16.0,2.0,23.67,11.0,34.67,74.7,74.8,0.0,6.8,20.0,34.17,34.7,6.8,-2.7,13.8,11.17
Wisconsin,1.03,10.7,21.5,1.7,0.501,4.67,45.45,45.246,16.0,21.0,73.81,15.5,5.0,22.0,12.33,34.33,66.3,74.3,8.0,7.0,18.5,29.73,36.5,5.5,4.5,10.3,14.83
UMBC,0.9,12.8,32.5,3.5,0.515,12.5,45.91,43.401,17.5,18.7,60.71,11.3,0.0,28.33,12.17,40.5,79.2,80.5,1.0,5.3,20.2,37.19,30.8,7.5,0.2,14.3,14.5
Hampton,0.88,13.8,24.5,1.3,0.534,14.5,46.42,42.936,19.7,20.7,72.58,15.0,0.0,24.5,10.33,34.83,78.2,77.2,-1.0,7.3,24.7,33.11,30.6,8.2,-2.7,15.7,13.0
South Dakota,1.02,14.0,30.17,2.8,0.531,12.33,46.56,41.067,17.3,22.0,71.21,15.7,14.0,29.0,16.67,45.67,71.0,85.2,14.0,5.2,21.7,39.23,32.9,8.5,0.0,13.7,13.67
Indiana,1.18,14.2,15.0,5.2,0.524,9.4,49.39,39.934,16.2,29.2,69.86,20.4,-3.0,25.8,6.2,32.0,70.0,72.2,2.0,5.8,12.8,23.44,35.3,3.0,0.4,12.0,12.4
Loyola Maryland,0.84,12.4,20.6,3.4,0.469,7.6,40.66,45.231,17.2,15.2,67.11,10.2,-5.0,26.2,10.0,36.2,78.2,67.4,-10.0,6.8,23.4,32.48,30.4,7.6,-1.8,14.8,13.0
Northern Ariz.,0.9,13.8,18.5,3.7,0.463,9.17,41.67,46.765,21.2,15.8,55.79,8.8,-9.0,23.0,7.67,30.67,76.7,62.5,-14.0,7.3,20.7,25.81,24.8,5.3,-0.3,15.3,15.0
Southern Miss.,0.91,10.7,12.67,3.8,0.426,7.83,38.29,38.871,18.7,22.8,59.85,13.7,1.0,26.0,12.33,38.33,60.8,63.3,2.0,9.3,18.2,27.52,29.8,5.0,4.8,11.7,16.5
Youngstown St.,1.11,13.2,22.0,3.8,0.492,10.33,42.63,43.324,15.3,16.3,73.47,12.0,3.0,27.0,11.67,38.67,72.8,74.3,1.0,5.5,26.5,31.45,34.7,8.3,-0.8,11.8,11.0
Pepperdine,0.94,13.1,17.12,1.9,0.517,11.0,45.89,49.296,18.4,18.5,72.97,13.5,4.0,23.75,10.88,34.62,73.4,74.9,1.0,5.4,18.0,38.19,37.8,6.9,-0.9,14.0,13.12
CSUN,0.99,14.2,26.17,3.2,0.51,14.5,47.98,40.456,18.5,18.0,71.3,12.8,14.0,29.33,14.5,43.83,70.0,80.2,10.0,8.3,14.5,27.59,31.9,4.0,0.2,14.3,14.5
Wichita St.,0.9,11.0,20.83,5.0,0.518,6.83,46.89,36.298,14.2,19.2,71.3,13.7,10.0,34.67,11.67,46.33,69.0,80.3,11.0,4.8,19.7,32.2,27.6,6.3,-2.7,12.2,9.5
Boise St.,0.82,10.0,22.4,2.2,0.483,7.2,43.21,42.414,16.6,22.8,72.81,16.6,3.0,26.6,10.0,36.6,68.2,72.0,3.0,6.8,19.8,29.29,32.3,5.8,0.6,12.2,12.8
Holy Cross,1.07,12.0,15.5,2.0,0.526,4.5,45.8,47.076,16.7,12.5,62.67,7.8,-1.0,22.83,9.83,32.67,76.2,68.3,-7.0,4.5,22.8,34.31,41.4,7.8,-2.3,11.2,8.83
Monmouth,0.97,12.6,19.4,3.4,0.51,15.8,43.3,43.421,19.0,20.4,73.53,15.0,-1.0,24.0,10.8,34.8,76.4,74.4,-2.0,6.2,21.4,42.06,33.8,9.0,-0.8,13.0,12.2
Southern California,0.91,13.3,16.5,6.0,0.518,14.5,44.58,39.267,14.5,23.0,76.09,17.5,0.0,27.5,10.17,37.67,67.2,74.8,7.0,6.5,22.0,36.36,29.0,8.0,-1.5,14.7,13.17
UT Martin,0.98,13.5,23.33,3.2,0.499,19.0,44.21,40.268,14.0,19.3,74.14,14.3,5.0,34.5,12.0,46.5,81.7,84.7,3.0,8.8,25.0,32.0,33.3,8.0,-1.7,13.8,12.17
Morehead St.,0.98,14.6,20.14,4.6,0.526,5.86,45.3,40.404,17.9,17.9,67.2,12.0,9.0,27.0,13.14,40.14,68.0,72.7,4.0,5.9,25.0,33.71,31.6,8.4,-3.3,14.9,11.57
Oregon St.,0.94,12.2,18.83,3.3,0.465,8.67,41.18,40.533,20.3,25.5,74.51,19.0,-3.0,27.0,9.5,36.5,74.2,71.7,-2.0,6.0,22.7,26.47,31.6,6.0,0.0,13.0,13.0
San Diego,0.93,13.2,37.17,4.7,0.494,17.67,43.58,39.143,17.7,22.8,76.64,17.5,0.0,27.0,10.0,37.0,63.5,72.7,9.0,6.5,20.2,32.23,26.9,6.5,0.5,14.2,14.67
George Mason,0.89,11.2,17.8,3.6,0.509,6.6,43.54,38.966,15.8,20.0,75.0,15.0,7.0,28.4,11.2,39.6,62.8,70.2,7.0,5.2,22.2,36.04,35.2,8.0,-2.0,12.6,10.6
Fresno St.,0.8,13.2,25.0,2.6,0.559,12.4,49.28,45.779,15.6,20.2,66.34,13.4,4.0,25.8,9.4,35.2,76.8,75.6,-1.0,8.0,19.2,38.54,40.0,7.4,-4.2,16.4,12.2
Providence,0.89,13.0,13.5,6.0,0.516,8.83,45.74,36.631,15.3,20.5,69.11,14.2,5.0,28.5,11.33,39.83,64.7,74.7,10.0,6.3,22.5,30.37,28.1,6.8,-1.2,14.7,13.5
Portland,1.0,16.2,16.4,4.0,0.533,9.0,46.18,43.478,18.4,22.4,75.0,16.8,3.0,27.2,10.4,37.6,78.6,78.2,0.0,6.0,25.2,32.54,36.0,8.2,-4.4,16.2,11.8
Pacific,1.17,17.0,24.17,2.0,0.487,7.83,42.73,45.07,19.0,18.7,61.61,11.5,-6.0,23.83,6.17,30.0,75.2,67.3,-7.0,6.5,22.3,30.6,24.2,6.8,-1.7,14.5,12.83
Princeton,1.07,12.2,6.6,1.6,0.548,5.6,45.58,39.789,12.8,15.0,80.0,12.0,3.0,25.6,10.2,35.8,61.6,74.0,12.0,6.6,28.2,36.88,35.1,10.4,0.4,11.4,11.8
SFA,0.79,14.3,33.67,3.0,0.579,11.33,51.29,41.159,20.5,17.0,75.49,12.8,2.0,24.0,9.5,33.5,71.3,80.2,8.0,10.0,19.0,40.35,37.1,7.7,-0.2,18.2,18.0
New Mexico St.,1.1,12.9,21.43,2.3,0.458,9.0,39.8,41.772,19.3,23.6,72.73,17.1,1.0,27.14,8.57,35.71,71.7,69.7,-2.0,6.4,20.1,34.04,34.7,6.9,1.0,11.7,12.71
Colgate,1.15,13.8,15.0,1.7,0.481,5.83,41.3,40.282,14.2,13.0,73.08,9.5,4.0,29.33,9.5,38.83,66.7,63.8,-2.0,5.2,24.2,31.72,32.3,7.7,-3.7,12.0,8.33
Col. of Charleston,0.97,12.8,27.6,3.0,0.435,8.2,37.34,43.813,17.4,19.8,72.73,14.4,1.0,25.6,14.4,40.0,74.2,69.4,-4.0,6.8,32.0,24.38,34.5,7.8,0.4,13.2,13.6
Bowling Green,0.78,10.6,22.4,3.8,0.483,6.6,42.91,42.712,18.2,20.0,59.0,11.8,2.0,27.4,10.2,37.6,70.8,69.0,-1.0,4.8,24.8,25.81,36.7,6.4,-1.4,13.6,12.2
South Dakota St.,0.88,11.7,11.67,3.3,0.532,5.67,45.81,41.803,15.8,16.8,60.4,10.2,4.0,27.83,11.33,39.17,72.8,73.7,0.0,6.8,22.2,39.85,33.3,8.8,-2.7,13.3,10.67
Abilene Christian,1.0,11.3,19.83,1.8,0.452,6.67,40.63,44.012,19.5,21.5,72.09,15.5,-6.0,22.0,10.33,32.33,70.8,67.8,-3.0,6.5,16.2,32.99,28.2,5.3,1.7,11.3,13.0
Alcorn,0.94,10.2,22.88,1.5,0.45,12.62,40.83,48.523,19.6,23.1,65.41,15.1,-5.0,22.88,10.5,33.38,85.1,69.1,-16.0,7.9,15.9,31.5,37.7,5.0,1.2,10.9,12.12
Southeastern La.,0.96,12.8,20.4,1.0,0.461,12.8,41.1,45.625,17.0,19.8,70.71,14.0,-4.0,24.0,10.2,34.2,79.0,67.8,-11.0,6.8,18.2,31.87,33.1,5.8,-1.6,13.4,11.8
North Ala.,0.82,12.4,26.2,2.2,0.502,15.0,43.61,41.883,21.8,23.0,76.52,17.6,-2.0,28.2,9.6,37.8,74.4,78.8,4.0,8.0,21.2,37.74,31.0,8.0,0.8,15.2,16.0
Mercer,0.72,10.0,25.4,2.8,0.485,7.0,42.91,46.825,22.0,20.4,61.76,12.6,-6.0,20.8,9.2,30.0,72.6,64.6,-8.0,8.2,19.2,31.25,33.0,6.0,2.2,13.8,16.0
Fordham,0.57,10.0,24.2,3.4,0.451,10.4,38.99,41.176,21.8,28.4,59.86,17.0,0.0,23.4,14.0,37.4,68.8,67.0,-1.0,7.2,23.4,29.06,28.6,6.8,-0.6,17.4,16.8
FIU,0.84,14.4,22.29,2.9,0.485,12.43,42.25,50.396,19.3,16.6,66.38,11.0,-7.0,17.86,12.14,30.0,77.9,70.0,-7.0,12.9,25.6,29.61,34.9,7.6,3.0,17.1,20.14
Lafayette,1.15,15.0,20.0,4.4,0.468,5.8,40.43,43.357,15.4,13.6,58.82,8.0,-3.0,22.8,9.4,32.2,70.4,60.8,-9.0,8.2,24.0,30.0,37.0,7.2,-1.6,13.0,11.4
Sam Houston,1.06,13.8,20.5,2.0,0.484,11.83,41.67,46.608,19.5,26.3,70.25,18.5,0.0,24.33,10.67,35.0,74.2,74.7,0.0,9.2,22.2,35.34,32.3,7.8,4.2,13.0,17.17
Jackson St.,0.77,12.0,19.17,2.8,0.459,11.17,40.79,46.067,20.0,18.7,63.39,11.8,-6.0,23.83,9.83,33.67,82.2,65.8,-16.0,7.3,19.7,30.51,36.7,6.0,-1.3,15.7,14.33
Army West Point,0.92,11.6,20.6,2.0,0.416,5.6,35.15,47.41,16.0,13.4,53.73,7.2,0.0,23.0,11.8,34.8,65.8,56.0,-9.0,7.0,27.6,27.54,34.5,7.6,0.0,12.6,12.6
Brown,1.01,13.0,17.5,5.3,0.46,9.67,39.58,41.714,17.7,21.8,58.78,12.8,4.0,29.5,14.17,43.67,71.7,71.7,0.0,7.7,27.2,30.06,35.9,8.2,0.7,12.8,13.5
LIU,0.81,11.0,21.6,2.2,0.438,9.2,37.81,44.828,22.4,21.6,74.07,16.0,-11.0,23.8,7.2,31.0,78.6,65.6,-13.0,6.6,20.6,33.01,31.2,6.8,-0.8,13.6,12.8
North Dakota,1.3,15.2,21.75,4.0,0.524,6.5,46.46,46.939,17.2,19.0,69.74,13.2,5.0,25.75,11.75,37.5,78.0,79.8,1.0,7.0,25.8,29.13,39.2,7.5,-0.5,11.8,11.25
Oakland,0.97,11.0,13.5,1.3,0.507,8.17,43.8,42.978,18.2,15.8,71.58,11.3,-1.0,25.5,9.5,35.0,71.7,72.7,1.0,7.2,23.8,34.97,28.0,8.3,0.2,11.3,11.5
Saint Peter's,0.75,10.2,30.25,2.8,0.449,7.75,39.11,43.333,22.0,19.0,82.89,15.8,9.0,22.25,14.5,36.75,64.5,66.2,1.0,7.8,20.0,32.5,36.8,6.5,0.2,13.8,14.0
South Carolina St.,0.8,13.7,28.33,3.5,0.434,9.67,40.43,45.429,20.3,22.2,62.41,13.8,4.0,24.5,15.67,40.17,81.8,67.5,-14.0,10.2,15.2,24.18,33.1,3.7,-2.0,17.0,15.0
Bucknell,0.79,11.3,14.57,3.4,0.483,3.86,40.78,44.527,18.4,18.3,70.31,12.9,-6.0,23.71,6.29,30.0,72.0,62.3,-9.0,6.4,23.6,32.73,34.6,7.7,-2.3,14.3,12.0
Idaho St.,1.09,14.3,21.67,4.3,0.541,8.67,48.34,39.752,15.3,14.2,67.06,9.5,5.0,25.33,9.67,35.0,57.3,69.2,11.0,9.0,19.0,33.33,27.5,6.3,0.8,13.2,14.0
Nicholls,0.84,10.9,17.14,4.6,0.506,11.29,42.66,41.556,18.9,19.6,72.99,14.3,-3.0,27.14,10.29,37.43,76.4,76.3,0.0,8.6,27.1,35.79,28.5,9.7,-0.9,12.9,12.0
Morgan St.,0.7,11.4,23.0,3.4,0.495,7.43,44.55,47.321,18.1,15.1,69.81,10.6,-2.0,24.86,11.57,36.43,82.9,72.9,-10.0,6.4,19.4,32.35,39.3,6.3,-2.7,16.3,13.57
UAlbany,0.76,11.0,15.4,4.2,0.469,10.8,40.73,44.86,19.8,22.8,71.05,16.2,1.0,25.4,11.4,36.8,81.4,72.8,-8.0,5.0,22.4,33.04,32.5,7.4,-6.0,14.4,8.4
Jacksonville St.,0.76,10.8,28.83,3.2,0.477,11.67,42.98,43.038,16.8,21.8,73.28,16.0,4.0,25.0,12.17,37.17,63.7,71.5,7.0,6.8,17.7,31.13,35.8,5.5,2.0,14.2,16.17
UIC,1.09,15.2,24.2,6.8,0.566,9.8,49.32,33.77,16.4,14.4,69.44,10.0,4.0,29.4,9.8,39.2,59.0,77.0,18.0,6.8,22.2,38.74,21.0,8.6,-0.6,14.0,13.4
Penn St.,0.87,10.3,23.67,3.7,0.501,11.67,43.7,41.429,16.3,20.7,73.39,15.2,-2.0,24.0,11.5,35.5,65.2,77.5,12.0,8.8,26.3,30.38,25.0,8.0,5.7,11.8,17.5
Florida A&M,0.84,9.5,17.0,2.8,0.394,3.75,36.65,48.035,21.5,11.2,71.11,8.0,-17.0,20.75,9.25,30.0,85.5,57.5,-28.0,7.0,12.5,28.0,39.8,3.5,0.5,11.2,11.75
UAB,0.72,9.4,26.4,5.2,0.451,14.8,41.61,41.914,17.0,23.2,70.69,16.4,5.0,27.8,13.0,40.8,69.4,70.2,0.0,8.0,16.0,26.25,27.4,4.2,-0.6,13.0,12.4
Wright St.,0.88,11.8,16.33,3.2,0.543,6.0,48.89,49.863,16.2,18.7,75.0,14.0,3.0,24.67,10.67,35.33,81.8,79.2,-2.0,5.5,18.2,35.78,31.4,6.5,-2.8,13.5,10.67
Western Ky.,0.9,11.0,32.2,4.0,0.46,11.6,42.01,39.739,19.8,26.4,70.45,18.6,3.0,30.0,13.2,43.2,71.2,80.8,9.0,9.8,21.0,25.71,27.8,5.4,5.4,12.2,17.6
Little Rock,1.22,13.2,19.2,3.4,0.452,16.6,40.99,46.918,23.2,29.2,76.03,22.2,-6.0,22.0,12.2,34.2,86.2,80.4,-5.0,6.8,21.4,25.23,36.1,5.4,3.2,10.8,14.0
UC Davis,0.76,12.5,20.25,5.0,0.53,10.75,47.0,44.928,19.8,24.0,70.83,17.0,5.0,21.75,12.75,34.5,65.0,74.5,9.0,7.8,19.0,34.21,33.8,6.5,2.0,16.5,18.5
Canisius,0.86,13.0,27.6,3.8,0.529,10.0,45.42,40.867,19.6,22.0,62.73,13.8,4.0,29.2,13.2,42.4,72.6,78.6,6.0,7.6,23.8,38.66,27.2,9.2,-2.8,15.2,12.4
Elon,1.14,13.8,29.0,2.3,0.554,8.83,46.49,47.696,16.8,20.2,70.25,14.2,0.0,23.5,9.5,33.0,80.2,77.3,-2.0,4.8,24.5,41.5,32.8,10.2,-2.5,12.2,9.67
Cal St. Fullerton,0.64,10.4,19.4,2.6,0.469,9.8,41.7,43.003,18.4,23.4,68.38,16.0,2.0,27.4,8.8,36.2,71.6,64.6,-7.0,6.0,20.8,25.96,32.0,5.4,-4.6,16.2,11.6
Long Beach St.,0.85,12.9,22.29,4.3,0.512,10.29,46.19,44.601,20.0,19.7,65.94,13.0,0.0,25.0,11.57,36.57,79.1,76.3,-2.0,8.7,18.0,34.13,33.2,6.1,0.0,15.1,15.14
Chicago St.,0.58,8.3,10.57,2.6,0.449,14.29,40.62,47.5,17.6,23.1,68.52,15.9,-5.0,22.0,10.86,32.86,72.7,65.7,-7.0,9.6,18.0,26.19,28.0,4.7,1.6,14.3,15.86
Vanderbilt,0.87,10.8,19.67,2.0,0.477,7.0,40.7,46.218,15.0,23.3,72.86,17.0,6.0,26.33,12.5,38.83,73.7,71.7,-2.0,6.2,27.5,29.09,40.0,8.0,-2.3,12.5,10.17
Miami (OH),0.89,13.8,19.5,3.5,0.562,8.5,47.4,42.105,17.5,23.5,69.15,16.2,-4.0,25.0,5.75,30.75,64.8,70.2,5.0,7.8,21.0,40.48,26.6,8.5,0.5,15.5,16.0
Old Dominion,0.77,10.0,27.5,2.8,0.496,15.75,43.75,42.982,18.0,13.0,65.38,8.5,4.0,28.0,10.75,38.75,73.0,68.0,-5.0,6.5,17.0,41.18,35.2,7.0,-2.8,13.0,10.25
UIW,0.83,12.8,22.2,4.4,0.509,11.8,44.3,41.026,20.6,20.6,73.79,15.2,4.0,28.0,13.0,41.0,76.6,79.6,3.0,6.8,24.2,34.71,32.8,8.4,-3.2,15.4,12.2
Texas Tech,0.91,11.8,12.83,3.7,0.473,8.5,41.37,38.905,13.3,21.5,75.97,16.3,6.0,27.5,11.17,38.67,60.7,69.3,8.0,5.8,24.3,27.4,28.2,6.7,0.0,13.0,13.0
Merrimack,0.82,11.5,16.5,5.0,0.527,14.83,47.16,42.577,16.7,20.3,69.67,14.2,-2.0,24.0,10.0,34.0,72.0,73.0,1.0,10.0,22.2,27.82,38.9,6.2,1.3,14.0,15.33
Northwestern St.,0.78,10.2,26.0,3.5,0.47,13.17,42.37,47.839,18.3,23.0,71.74,16.5,0.0,23.67,13.33,37.0,79.0,76.0,-3.0,8.0,22.8,25.55,33.3,5.8,2.2,13.0,15.17
Eastern Mich.,0.79,11.2,23.0,1.2,0.513,2.6,45.8,48.026,15.8,17.2,67.44,11.6,-2.0,23.2,8.2,31.4,77.6,65.4,-12.0,4.0,18.0,32.22,31.4,5.8,-4.8,14.2,9.4
IUPUI,0.59,7.8,27.17,2.3,0.451,8.33,42.69,46.471,17.0,16.0,75.0,12.0,-1.0,20.83,12.0,32.83,74.8,64.5,-10.0,6.7,14.3,19.77,36.3,2.8,-0.3,13.2,12.83
Western Ill.,0.76,11.8,24.0,7.2,0.443,9.0,39.16,42.233,17.0,23.2,58.99,13.7,5.0,31.0,15.17,46.17,77.3,70.2,-7.0,4.7,23.2,28.06,32.3,6.5,-5.7,15.7,10.0
Western Mich.,0.78,12.4,20.4,2.0,0.505,4.8,42.25,43.0,17.8,14.6,57.53,8.4,0.0,24.4,13.0,37.4,72.0,65.8,-6.0,5.2,24.8,37.9,33.3,9.4,-3.8,16.0,12.2
Boston U.,0.9,10.8,24.0,1.4,0.439,6.8,37.15,43.321,18.6,12.8,67.19,8.6,-4.0,25.8,7.8,33.6,69.6,59.2,-10.0,7.8,24.6,31.71,30.7,7.8,-0.4,12.0,11.6
Grand Canyon,0.61,9.0,18.75,4.2,0.52,15.25,46.61,42.553,18.5,30.0,75.83,22.8,11.0,27.5,13.0,40.5,67.2,80.2,13.0,8.0,19.5,30.77,38.0,6.0,-0.5,14.8,14.25
CSU Bakersfield,0.82,10.0,23.5,3.8,0.46,8.33,42.73,39.306,18.3,18.7,68.75,12.8,-2.0,22.5,12.0,34.5,69.0,64.5,-4.0,5.8,15.5,23.66,36.1,3.7,0.2,12.2,12.33
Navy,0.78,9.8,25.25,1.5,0.402,7.25,35.65,45.894,20.2,14.8,76.27,11.2,-2.0,21.5,12.25,33.75,68.5,57.5,-11.0,5.8,21.5,24.42,24.2,5.2,0.2,12.5,12.75
Texas St.,0.71,10.5,13.83,4.2,0.436,9.83,40.0,43.119,21.2,20.8,61.6,12.8,5.0,24.83,15.17,40.0,70.7,63.7,-7.0,5.5,16.8,24.75,31.6,4.2,-2.7,14.8,12.17
Tennessee Tech,0.96,10.7,20.83,2.7,0.49,8.17,44.23,46.07,17.3,14.3,63.95,9.2,-4.0,27.17,6.33,33.5,77.8,67.2,-10.0,3.5,19.5,29.06,34.9,5.7,-1.7,11.2,9.5
The Citadel,0.94,10.4,14.14,2.3,0.477,8.71,41.15,45.293,14.0,17.9,73.6,13.1,3.0,25.71,9.86,35.57,66.3,65.4,0.0,5.1,23.4,30.49,33.6,7.1,-1.3,11.1,9.86
ETSU,0.79,11.5,11.33,4.5,0.472,10.83,40.22,41.873,19.7,18.5,67.57,12.5,-1.0,26.17,12.33,38.5,71.2,69.7,-1.0,7.3,27.0,31.48,34.8,8.5,-0.2,14.5,14.33
Maryland,0.69,9.4,15.6,4.4,0.432,11.8,38.79,40.37,17.2,23.8,68.07,16.2,1.0,23.8,13.0,36.8,61.6,64.8,3.0,9.0,21.8,22.94,32.4,5.0,3.0,13.6,16.6
Radford,0.77,10.4,17.43,2.9,0.516,5.43,45.56,39.81,17.0,15.1,69.81,10.6,3.0,27.86,11.0,38.86,69.1,72.0,2.0,7.1,19.7,36.23,28.6,7.1,-3.1,13.6,10.43
Cal Poly,0.92,9.0,21.5,3.2,0.461,5.33,41.94,46.006,21.2,15.8,69.47,11.0,-6.0,23.33,9.33,32.67,73.2,66.3,-6.0,5.8,16.0,31.25,36.8,5.0,2.7,9.8,12.5
South Alabama,0.9,10.4,21.57,2.9,0.516,7.0,45.16,46.729,17.7,22.6,71.52,16.1,-2.0,26.43,7.14,33.57,79.1,75.6,-3.0,5.0,22.9,32.5,35.8,7.4,-1.3,11.6,10.29
Mount St. Mary's,0.78,11.5,26.75,4.0,0.456,8.25,42.08,43.111,18.5,15.8,71.43,11.2,1.0,23.75,13.0,36.75,69.8,66.0,-3.0,7.0,17.2,24.64,29.9,4.2,-0.8,14.8,14.0
Winthrop,0.89,10.3,26.29,2.4,0.532,7.29,47.3,39.687,16.4,28.1,72.08,20.3,1.0,23.86,10.0,33.86,65.1,76.6,11.0,7.3,19.1,32.84,27.9,6.3,2.1,11.6,13.71
Louisville,0.73,9.6,23.2,3.0,0.458,4.4,41.53,43.322,19.2,26.6,72.18,19.2,4.0,26.8,14.4,41.2,74.0,74.4,0.0,5.6,17.6,29.55,31.0,5.2,-1.6,13.2,11.6
UCF,0.88,11.4,29.6,6.2,0.497,8.8,44.51,39.777,19.4,20.0,69.0,13.8,4.0,27.0,12.0,39.0,69.0,77.2,8.0,10.0,21.8,30.28,33.0,6.6,3.6,13.0,16.6
Delaware St.,0.63,10.7,19.83,1.5,0.412,11.33,37.8,47.401,19.8,21.8,67.94,14.8,1.0,22.17,13.33,35.5,78.5,66.0,-12.0,10.0,14.7,28.41,40.8,4.2,-0.3,16.8,16.5
ULM,1.1,16.5,32.5,2.2,0.49,10.5,43.33,40.0,18.8,16.5,54.55,9.0,2.0,25.0,14.75,39.75,73.8,67.8,-6.0,9.8,21.2,31.76,32.0,6.8,-1.0,15.0,14.0
Towson,0.58,7.7,17.5,3.2,0.432,2.67,39.23,44.516,15.3,19.3,62.93,12.2,7.0,22.83,14.0,36.83,64.5,57.0,-7.0,4.8,14.2,29.41,37.4,4.2,-2.7,13.3,10.67
Seattle U,0.83,13.0,18.4,3.4,0.493,7.2,44.03,39.085,19.4,23.2,74.14,17.2,4.0,26.8,9.4,36.2,61.0,70.0,9.0,7.2,19.4,28.87,24.3,5.6,-1.2,15.6,14.4
Campbell,0.78,11.0,17.67,3.2,0.493,6.67,43.77,41.643,14.5,20.0,70.0,14.0,-1.0,23.33,8.17,31.5,65.0,60.2,-4.0,5.7,15.5,33.33,26.8,5.2,-3.3,14.2,10.83
Howard,0.66,10.5,24.5,3.2,0.496,14.83,43.02,46.809,18.7,25.2,72.85,18.3,2.0,27.0,10.33,37.33,80.0,75.2,-4.0,5.7,21.2,35.43,33.3,7.5,-5.2,16.0,10.83
Central Mich.,0.7,10.7,16.83,3.2,0.489,9.5,43.24,48.048,17.2,15.5,67.74,10.5,-2.0,20.5,10.5,31.0,74.5,64.8,-9.0,7.0,20.8,30.4,35.1,6.3,-1.2,15.2,14.0
Manhattan,0.91,12.6,19.8,2.2,0.461,8.4,40.66,44.923,13.0,12.8,73.44,9.4,-4.0,26.2,9.0,35.2,75.6,65.6,-10.0,7.4,20.4,32.35,38.9,6.6,-1.2,13.8,12.6
NJIT,0.72,10.2,16.25,1.2,0.464,5.25,40.45,44.048,22.2,21.0,69.05,14.5,-15.0,21.0,8.25,29.25,83.8,65.5,-18.0,6.5,21.5,30.23,36.4,6.5,-3.0,14.2,11.25
Middle Tenn.,0.63,8.7,17.0,4.5,0.447,6.67,39.94,43.881,15.2,19.8,66.39,13.2,3.0,24.17,13.5,37.67,62.5,65.0,2.0,6.8,19.8,27.73,24.5,5.5,-0.8,13.8,13.0
Alabama A&M,0.61,9.5,39.25,2.8,0.427,12.25,38.63,49.345,22.0,26.2,70.48,18.5,-3.0,22.5,12.5,35.0,88.8,68.2,-20.0,8.0,15.8,30.16,40.9,4.8,-1.8,15.5,13.75
Ga. Southern,0.58,8.5,34.33,2.7,0.476,7.5,39.44,50.0,21.7,18.3,76.36,14.0,-5.0,20.17,11.83,32.0,85.0,70.3,-14.0,6.2,29.7,32.58,42.0,9.7,-1.0,14.7,13.67
Saint Francis (PA),0.77,11.2,32.33,2.5,0.482,7.17,43.58,45.609,18.7,17.5,65.71,11.5,-4.0,21.33,10.0,31.33,73.5,65.3,-8.0,5.8,18.0,28.7,29.3,5.2,-1.2,14.5,13.33
Prairie View,0.78,9.7,17.83,3.2,0.435,11.0,39.84,39.833,20.3,24.2,77.93,18.8,0.0,27.17,13.0,40.17,70.7,74.5,3.0,9.0,14.8,31.46,29.5,4.7,3.0,12.3,15.33
